userId,Profit,Bet Count
102hYaQkuxZ7wnPNGZ5JcDMR2aR2,22182.05252650388,514
f7CBvmEtg1gLJu7pBV1qYOLD8RV2,16820.56892352231,612
icl9c33YgoR1WaLaUqCUtpNAWD43,15622.39987203441,3106
CnnN7paHqabBOswOiDpavJcrpRb2,8554.894091258568,244
SbigZV97MfNmcvFSdNZojiPTg7F3,8049.162934443603,141
MiGnjhmLDQdqcRUg6WmX4rUzmiq2,8026.838124277623,195
wJvb0ga1HXXxmlZOOrxHNSD97A32,6852.035820876641,566
DPed4L97CQbmEfaSr8nv7b4Ajsk2,6791.854264896363,246
mFs6rcZ7YeXmVWMf4W4sngKVmEb2,5633.649963958102,177
7O5EGiUlXZSmQkVzu9UhWph2y9j1,4592.710330326372,507
3V1KVydjB2a9U0YdKXsKGSOywQG3,3244.4712437585986,142
yEH8YfsySNOPoc8Mw370CU49Bnm2,3061.4243852791114,185
6vdvrCtR65OwsPAkgPhklWgAUpg1,2844.808359262641,2509
RqG6n1pZkiaMIrXe5nZr9SCWBql2,2821.7923048566445,219
qryPhoEcyOevgKXUFfl2HslQl7k1,2521.883683226566,133
FPC8hGF0uReCvOejI6nigctxXKf1,2518.1155237196344,88
FRfDrwnMIGWLTDwLVgp8r7KI4is1,2307.7579927832066,116
zDoHU7QStYPltWSGx4cHskaorG03,2248.517756799436,143
XYR1Ay29dAc9I20PLxN2Wmkr3312,2135.8507283687923,142
hxEHx2drz3NYcgSRUsKgyzm16wn2,1836.6566472356171,69
7ybpru1YHpaKG9aN9lxQmfDD5hk1,1583.3711815681675,269
KbBFc7EDIThLfHZlXDubsLbO4Sn1,1571.0809994909637,106
wEQdlqKeCCWXjtN7FR0fNPowSVH3,1560.2213435822691,17
JCNWIb9k4dfBFJruwxR0nbFD9VV2,1527.3304392874634,1985
xUhM61t0YrfOzqs6WsG1Ri9Puyl1,1472.4238272751181,9
TezosIsrFrN7A7xMyXriMWkUuJ43,1458.1823911981605,147
7xxLZvJWHWNCSR5RCTMWqHFXhXn2,1451.712874644878,107
Bm8uhO8tIaS7Cmx39FCD98E7Wf82,1357.0829358896035,106
nCxw0X3WKUQtAn3TtOm1n7XTa3j2,1328.0779791385903,12
bY0LeeaeWGdsnEv5OLfi28fElxF2,1326.014558414412,217
lINj75SypJd9hoed3aaYl8kNBkG3,1291.351533593564,4
iuNlu9KPFwXv5I7m2vJ8jVgD9Cq2,1276.4185740828448,4
IYu1usSsnbbk3AF8Hva1fewctg52,1246.989849308624,47
iP4vdlGsJRMXXVlQZvK2gkz2hQB2,1193.2198094223886,43
E3jsGlpxyfRYklpVzjEFav3YDsq2,1131.8536007427283,32
zqGhcpVY9nhBIUPe6JyT1Y3e3ai1,1060.0336823337275,108
h4BBwDClS0YdW0jOtr6PIuTqM383,1029.746738840473,64
d3eND9W2AlQVAG5A0UGjZNBlypo1,1024.2880351249223,740
WB4n8Qxx5vTLrrrpztwbVcuh6Sh1,979.5330147180441,41
LwVkjD6GoAd3CfY9X3wuOyYU7052,968.3338751502833,30
N0nWNq2wBwZMqdlDig1JRbsujwv2,955.7331717315128,95
mZmG2xK2WWfIz5vUa1skmLYYcor1,936.8089199623741,97
uGbkYQYjDZhZx8P2T91GCsbmxF62,921.9529110375961,189
3BOGfF7eQ5Pd0WdsdiCuXBMKqL32,920.7483946123866,92
NQ28C5O9PsSCEzIcFgXN4Ur2BOI3,912.7654136871333,219
WQ7cTlbvW0aYWcYh4a2bK4BP3ci2,901.6660459605146,78
PTXb34ZXPIco0RMqJ0uLYgQ56zy2,897.7330942182643,126
cSeYPgYRJHenisxyY3ZVQsj67ET2,875.2128838417289,23
dUsRsTSoq9aBlQ8lgS0YU4Ig2g23,874.7099433521221,1
2vxOzJtBmJMuYb60cT8tPC99du93,860.3946004304662,126
bPMMCPUw5BfEGfUJkDxqHgkF9VF3,802.8142578508209,76
PuKg3BmRSTcSA8WERvo31aEa5Rx1,780.3471340239066,259
PdFqqPHJt8X8WGYK7kG9q8IMYxi2,775.9126108769342,17
ma9TEeHbf3TK6Rkh83vlHozMio63,763.5154103618979,22
MlpIgEZy4YRSACJoMjuDb28CRFy1,758.1657258652276,95
Xm6WsvmEcmhdNBrE76GhSaATAYA3,749.0523246525609,111
6Fkr49twHuZS5afgxVLRfYCf4c33,746.9668113493672,3
dwICIbaTXLShQnFpMWWlqQmabSw1,746.657498891781,56
2sV7RQuGBWM5jvYYwuzW12oau2J2,736.4954101325538,81
d8oNRAJWk5YaOprlKppnGCgbBzD3,694.3471956913129,615
E8gi57gaEdX71IjU2qn1E3xSQOr2,688.9101702478833,247
cU6jz2mClMPgaYkmZU3J6SWo4Rt1,686.3564620687789,37
3j1UdrKg00Vhd8XXY0ePqOc4has1,681.8595344072255,26
wQtWnj7zBfZ97G0cBB7IU8GDDiw2,665.6150614642584,55
iL7dJrmI3NPiaa3ccheODWEor3o1,655.2550730738265,6
Mv2Awqvxb8c5PV8OfCr5uutfenJ3,652.7588863013077,1
ZLO0ffrOUERg3Mvn790mXXkIB4J3,635.1582417370955,21
UDxsOkVSU3XJ9qaxZYBmedZzp2D3,612.5134486938123,121
njEw6LjJmNNwnh60FuITd0sOy3g1,593.4557901552907,95
k4NwIM2KMrP2Vkng2Ssl6szplll2,578.4513800747113,11
8v4Qk8kDsfeMQ5y4mRxgECKhTse2,576.1915271506523,48
VZYG6cGVtUag20v90CscJzfkM9n1,572.5215957313155,5
EKsAJjJjFTVCjtz8sMWATIauBMx2,567.25524282375,14
0nY2mVaK4Lhmy2JMPoAhQej72xr1,558.3716291157425,202
FdTMHknAkjPDIkF9hr3TcJ3qCJs2,556.3141120791679,30
bQRLG8EX8Ah39tKcBGtcOlw0ovT2,555.9712455316849,1
cBTfL7oUbIRhR9NmXH8cou1mJD03,553.3136711331748,206
UFYN1fMAogNqnEzyvMo3qSNLCvI3,546.9595841491123,21
TwR6Md3qlKTMYko0P2LLHb7hGZ92,546.6364152505973,3
s90ks3ksxEVTG5vwxjlVH0QokUn1,539.4171349171311,46
dO6kfHOFOgOUFI6pkDvQ9UQCS732,538.4615384615383,1
vjDYM6UvBrZYy46C91TdVvsQMZM2,531.8334422305217,43
fcFklSBysyTLt2UenYsf9QJILhO2,521.2398235554974,232
wmeJZJamY2Po9Pl6t6bjFbneobm1,516.7254300650491,2
Y9tn3DDa06SByHBJrC9Puxgnjp12,514.2271355378443,2
lk1Lzcj9otXO6MgUBdNL8Ml79Ke2,510.37690136971514,91
3eiXA3X7UCeqqOqaWOb8fNX5ZS13,506.8380306136878,7
d4uxFjVsZvc39aEM2Xs0jGL3VV72,492.4601936078768,19
ZwWZbS8EtNbVW5vvcXrRFDYwRNW2,489.4207758612388,56
uqPLMTpK8vQYqKf7drN1dpwXcTt1,489.03342519955913,19
ppNPicpIkHRKxmhAj7kKNjNowhR2,486.4438362970286,278
pNZK5iZOrPWsmivFfYSMoPNCpJw2,486.046118107588,5
0OWatkZtVqOioeyrXpwRhuYQxoi1,481.6390123609201,10
bwo15BNYlQPTwE2Izdeq5tJLPyM2,475.88086758778843,1
p65TgsfvVyNVNaPcZKbC8f9XkAE3,474.90703281077754,15
BNc8OVr9A1VAcDDaPUsH7KnkBTp1,470.5998592624096,64
wcJZpTljTqZAmEOGTBpQSoqpnvi1,461.3469844639669,5
RLNHQvvAzRSX3grpFwvQcihA3bZ2,458.64287081763143,386
DF9tOOfuEYYfnIRNVsAKNp5Wyv23,457.0872662220246,10
i6B0SXR1gUd0lgWjwBFSkwV4yLl1,442.8989316277725,16
FU1kfRK8Glfk2C4XzbUkqBLOH242,442.77877052781287,18
9C45MvFUYCbZ1HS9pMhW8X3y3s62,434.5024658755219,34
bXibVutYe6bRlYr7C8tE6KNlPUw1,425.0216465472905,57
Ar4gt8fv0thFIqSd5dmbekzdDya2,424.8677510842281,2
g1vUoFu5Hnbdbb40iXy7DGLBq0q2,416.4623774817662,1
2zuiJ7RglnXhSsWBonlQDbZC9nG2,414.4947613957272,45
xKhYO40qvTOJWG7rWs0SfpZDdwM2,412.74897483618224,52
hCzDFvFF1fdUxDa7IdzxT8xx3fd2,405.3123479274709,5
tOlMJo23D6cXRh3Op8BIe0fHTGC2,400.26506891063696,9
TkUKWwDtLjacCfjzUjLdHuYSxin2,397.8949316449391,56
FGVxEBQT4ROmEp5xYQEbwMO7PJX2,397.6642686561422,137
I1VuHrIm9pbqXQq2l04A8zY1NUc2,391.60211177564975,134
OUroM4DeyPO8GGalVN4Dh2Y9nIo1,389.337931140338,38
PWZdGArdaDU3vTYIUIHhUaMuj9F3,387.4124522167473,6
TLnxmvPzKecH96deK6p7G63Vtcm1,382.9923488697739,7
MFI8eFZ3pCRL2NiFLYuCGsDPrR62,382.0993910795605,13
EZynsp6hUzTEkU1j3ymiurZY5l43,377.0129127202458,6
P9DhlWU6FXciweVHiYFcR3RNLSj2,370.37582101185035,2
FfJtW65icRf6EioSn0ZcSNqRoMI2,367.95408601328563,100
YjlPztmCXGXef7ycdwudrPorj773,362.34492475795923,3
UyLzwtC4SLRNQ03u2Olvy4FgVQ52,359.0010113679991,4
qqty83b1cyXZZmU0M8Ulk49xWfv2,356.5853066150471,39
BVkPH555GTQ4s7FIHrpoceYN2O53,356.58172631706555,1
RMBpsm4j1JP9s6CIZZCq2l27Ium2,349.6166361036953,28
pR892YaSP7agn7WsUaZsteiYlPV2,347.1040795238455,5
TgWiQFtoZ3QGJMjwY98zRGhnFwu2,346.10645526497206,18
Bre3DI5lF0NgYFOhKsq7NedIgMq1,344.9578175604256,1
zXg4QNeu9JZgTdKF80t5yNGOM9q1,342.62536600841145,17
86R4um3t9pdKPgNDxNBXOu7X2zq2,340.1089209259287,4
fA69Wsm49IT0YQ1hC4rhBWSRxrC2,338.31326785825445,40
4NJ71tiyMweug9YDpJ7hmFhll4U2,337.19004909424234,2
uIMujZt2BDOdqOI13w7jVu5sJpD3,331.76198280628864,1
AeMggb9OqxYb3lrrayDNd8a4Iem2,329.21799100136263,152
N5ldp1GDkpORZTduCFhWBgHHuPf2,322.76147665093424,51
V4IZjwUApUW1iVaenAxFWFtPXjm2,322.2860191957375,11
I8RL18kpGaNZysFNZE72Xom8ZCj1,319.0525552517083,55
Vzg9qBAJ44RTeKAF16e2DvtsB672,316.40386029730485,19
WUZUgIMY8CNqrOHjsr7jpT1WXlJ2,312.84698402589584,6
Bxvjh3dQO4cetfqelNtaUNe6ZAf1,311.51206855928604,1
CoOIUXlq1sU1ADIXO2TfRRGdrl53,311.1913155396619,43
nJCU6Psdx4dguxSsfIbH0xsS3c23,310.10140096488044,16
y1dpcf4BaIVpxWSnox1v2V2nruV2,308.8432022058041,13
w6dqQcjaX0chXFHdzE7ShwhI4oG3,308.06935693026685,100
bzz0tiQRlBV6glFAO2f9930Pjbr1,304.36972319386996,20
5ZKbJZixV9OXCwZyWp2k2rEctr22,301.8768297986544,3
bJev65jsqOh8tUuwyg3Iz3urTyr2,297.3272025495726,174
V79m25eG3tOTow6vm5p9I42jl8M2,291.8164427077984,5
BOz42ZLioodixKSiJ2sPBSuuGPu2,289.6559600588391,38
us6Xkz5vMPMnDYpFrWjEjF1vhD22,285.9531090979606,4
tUosjZRN6GRv81uRksJ67EIF0853,285.87387667979,32
rwDF3r4MxFhhU12lyZNMtCwEjUE3,277.36177870403867,151
TY9E9lE7QJXsKiRntVVHlYwoVUh2,275.5962594229916,21
NjuvNtWwkxQGY7s8XrHvTMXGore2,273.13521037258306,27
VifksaORhbNKRGAy77Tb5cdqIm83,271.2967142935008,47
lFMiJopCqdOQHo8vLcM3n5Eqa0G3,269.0289647556408,16
MhBrCMFtZvcrlWDCOftKMAMHeeH3,266.52101427806633,134
n5vstIiQ3yZrYsEdcbjhHKSNJPk1,263.1569501660465,2
ZR3ZDt7aekdDLxMd8mLGxWav1Q22,261.4068610151635,27
pDiBKyB0kuSHy5MHNqzZFtibdLC2,261.25411854924323,20
plTqRUxNIoXD0vri3OWfE2kHZIf1,256.8205118089687,6
mSx6ZmA29kOypRYKhnARmzwTH9l2,248.8373799001704,4
vb01Hog1aLQGREEyimXfNaOVVcJ2,247.9113243900756,96
lQuXJ0BE7fgbwSvkRcQDZV6QVGb2,246.1052309907734,37
MRRE08RyObPan5Fi1rvHn2Ui9Ap2,239.99099428411319,34
SeBNUbviXSeuvQQkNn5v7zVZYEK2,239.74570061550094,10
nAh0sLLCIIR08PUNzEKM7AHhsP92,231.46923926951695,5
XWKst1ezREh4OdV17HUylhEHqMz2,225.4381867330378,6
iMOQVQ983KZoCs8NRolpA3MvkBt2,221.8478487973632,3
mczY11NsfefGsDaFoTwGk8z3Bac2,218.81562315835663,10
X6cWJJ3WNUWSrfgXSzwOOcgXeWz1,213.8929776474506,21
EpIIfxAuPVhFHKzVFs17YNLRBMO2,212.54868265754158,25
hagiM6VD5BWWEQcCGhwU92OJ6iq2,211.40698562885314,39
8W0dLqdKPWetefMs7VIAE70KH8h1,209.3825419978084,237
w7bL1NbllaevmlJTepVLTpAO60J3,208.69653318252222,6
cb9eu9ae9UdXMVDAlBhwYI3fX1v2,208.28339299601407,100
FpvBwqD3OTWTEksJ3JAWIFgZyFE3,206.38995511510188,3
9LVhsBPg7JWkJyLhSNjCYqJb1hx2,204.60436986723857,6
RmX75sT2MKRqniW7KpzKXWcqtYi2,204.46409362563304,100
nKo7WErUMLS6gvrPyds4XiVzhI72,200.0,3
tlmi6GEgqodhn37hfLRv4rB1ZFm2,198.41057351740756,382
r0sbWqFImahhjUNvD5ugzKi9AIh1,198.18182724806434,2
3RKrx5nT5dU1XABS8p2Zr7CWTxB3,197.4315464077163,9
FovC8o56tUXx2zv6mUVfUoplutJ3,197.092395320145,153
AF8Y7ze6gwWe0Q7UfPENTIYy7zs1,196.33662998267164,185
1qig0eC2FwfCAI3qQit1gyVgQox2,195.93731185360332,179
EzeURwPwIkcRobkvkffJM1lX8lG2,189.4016390957895,106
bsbAqaapSZVVXsRLN0XFzEH00Fa2,184.92247890396845,24
SzBVSSdIISXUlgKsEulbeSh9jQc2,184.42772701582362,39
7kFK7YxEXdaiuguKYNnDuEXJkru2,183.26793529062343,66
Kc7R8nRbBxbsRj5FSGzXjMPjHuj1,183.02554351948766,1
cvNqtNhd1jSwk6YD0CG0ze5edqw1,181.47826764410456,17
MYaPrlzxbWdikdih65zUw8uMmrm1,175.84487445969035,37
noY4QLUQGYTtLpo9GF5ym0HqjoR2,173.95913351171816,51
efucHdC1xqO2rKwfkMBPGUnrbi82,172.42131460889982,4
QRQMYtJUjbNz9DrDmXt9GmcB7uP2,171.6137824273493,3
3aYjZsftgnTtA4q1jBNcyQo66NZ2,169.21297473133973,1
qpeMMLxb2GZrmgm5FL9sGrApTo23,164.08013724056627,45
XJJbzH72S5hQVMRbiIItYgScK633,163.5764778449211,2
lDPkmLS8zLSn3AGWf66ub70X2I53,162.61801735373638,9
ARSSMqvJ03NBoPx7K49zBR3xWB33,161.83023898009674,4
s1T8K0kMJJgDBPcB89X2eL5eMfE2,161.36893654941025,110
RrQOcepa7KghtnAVp94A04OKPKD2,156.7335945663309,3
xyM3PBjh5xeSpKDqEqmgANh569s1,151.83217638931455,15
MdWzQiWxb4ZnS8XnVD692C1lZw82,150.64548274132994,171
s781n3rAGhYw6h7YPZNZzDftzJY2,150.0354241946966,22
zvXeAxB5FgfPCp5yLFsxpSlvhlr2,147.5326852236044,1
ml2cKkf0beVExNRaoWDczwlQUjp2,146.9530490469333,46
3dGItl2DwMW5K9bMw3wO64F8p602,146.68203930403297,13
59xJrCrMgbe13n8tMilI6em8wW42,146.0893528960197,15
mqOcNPXD8OZHXAy14AhNAAxOld52,144.89861525951778,5
uyAp8Azbtgdk4sSRnoUCDCiNryF2,144.56177837697373,1
H0kY5irTXrVxG8ht4dVLRrmdgvV2,141.4118485556844,74
uEY40az3WXXsvvB2Z698l63tXPi1,139.6388926395615,64
vo7BqqhCWuRyEednAdaEtSGxImy2,138.38963532442904,30
ifqe9zsWuHPGoqGPneoipwcwLmC2,137.83889913277335,25
vahb3OiuIMfZGXuQZrGAGB8OmFh1,135.73014281893256,10
iDFcaFdDCzbw4IE87er6PcRcFMO2,134.81522612034814,64
FykuS63Xq8avP7o68G1j3w0kXAJ3,134.4542065462913,2
OW0BQn4Gn5QSjPDYurwf5ftJfg13,132.36344619096548,7
IMR9nyeluIbOpz8nXCrwyoaD2fk2,130.2592255670936,5
ADOwbq8KsncXcBNffdjKCbpDbB62,129.35476283527214,100
ELTjUTjCt3gA4Dd1fJQBOWlEL1F3,128.68530087137617,24
33o8NBw56lTy2ESISiLlCemTv0l1,125.30775904962229,77
Nj0IL6RemaXwtuKDvyIq7kGtsXD2,122.70439459407771,1
9Jqj6d8DSLW1kxoHPpE8Hzcj9E33,121.8330040016458,30
jqqySdPMOuZwvgjymXDvNIV7KOm1,120.56369258583982,5
Uj3npXPrVnRcONPQ37NySm9jhdh1,119.4388837668389,5
W8GidEZ0FvfwoG43CAp4xsfrqUB3,118.94765430698897,14
5ZUoSVUnKCPK1OPJy5u36WYEiUs2,118.51147002268749,4
3EGPTFgV6zet3zKw3Z9CwpM8EGn1,117.9928548919172,14
IYyKFBqJqIcdNBy5RZ05arvTyKu2,116.40883509455125,3
uFVEyqiQscWZ7krm1ppyIYlefBY2,116.11311971746227,106
O6xwqEqmcbae4grgjdfsKIs4f8I3,115.03746137831263,5
g4eksaE0bib8NBQrHc6mx29wFRG2,112.55567410126048,49
r1g3aWC8CRaZPkBBOoZeTsIaom03,111.99174994853354,22
HZOM0MXbYTZYsuhDQkJj4uyMSVg1,110.39162628200484,3
UA5Eb886qqeFhG100dohmUNn8s72,108.57142857142861,4
A2vL5pSsG3Y4SIt40uSdfrCCYce2,108.47336676158261,28
tv2VbdhTd3Pbsk8dSclcLRy5S323,106.9942295007429,2
bCEaqHOSWUfptqr33ghcebFFh222,106.66905978746468,10
w9WUMRKaE8VpIpI5VnEpeT5H6Di2,106.31980022952393,103
ak81Xvuk4hUaQatKQUQlfwPGVYv1,105.41239910166723,30
wYySvo3dvrdb9zU0OZu3W4hgpEo2,103.34768307742092,8
axnjKwNredUMbrZscEGI8yo6Vez2,102.08704064811604,8
yvirH3FiBBVM5LGDS4pdVypN8K13,100.56678622647723,46
X2HyDnV561QrkudkUkBngyOBs2I2,99.9015245181647,3
HPiat0djY6aUvyBEM1jEXMRtVHJ2,98.01425219677355,4
Vtl6pxlGtCMIiGoNUznnvqmAUr43,97.57789439857447,3
uD9QyLZi1FPJIrAc6qa1GjcEeeW2,97.47453523593617,5
N8qGO4DJmjbI73ikYE2qjwSPCxb2,97.02930368410307,105
o2scNwSaqzZWz7paLV7C0ooiI0Z2,94.96828444486255,11
ywxrDghvI7PE6G7AkPuZv099x6l2,94.41761723920126,55
ZW7s9KuqWKY6zMh3JmnxARjeEQg2,94.18604404916664,30
KwV5jGox5xUAaOm8sKFGbf9MQSe2,92.83079647011562,5
qAj3beZsqxfWc8gM9tk8GxSo2zz2,92.1338522981315,11
c37f7OTx80g40Jd2nbHEAIgRyO22,91.79405388804389,2
RkfnjhiBsnZ7WgEcmAbDZgbTJLU2,91.54149523204785,4
MpjVOt3ObIhtCk8AyARYXkCYj5p1,90.36571458969183,3
cAZUzXEC2fN4UiWUYji9Vx35o3A3,90.00671186230613,13
12S7OhYOpiSUw0kJsalcBshAfav1,89.36166902179127,16
kdVVd7BUfKXUbaAUv3vIeB10oAq2,88.92881402801595,2
vlEnaVAH2PhWt73OB7SN6Havo1z2,88.66998332682806,13
O2Je9CWGdcQ8KZm39fbi57RdNW82,86.63372353123145,8
Ei25IcBupKNtPQ9v9tk66G7NlKG2,86.43093285919508,1
tbZZik407GZ7Q7hSBLGF2pkdPBn1,85.93498982127608,1
My6KDP0vk9UCh8gJFK0CDuDkNbt1,83.64699090372847,6
xU2ZctP8SWMonX9aB0CShzOVGme2,83.04520210969912,14
5QYLEQv9jDRBU2AWIiwnHDQ0zft2,82.43689555520677,15
KnnpgxsVTUTcGzRYGOfdmIpQDKY2,81.79253008337736,1
9vmZfhvFkUXhQSmQiACFSGEjT9I3,80.1613990779179,2
GhQ9NLDIuSdcfcZLNNxZuVYdEcF3,79.2337736168912,17
97v6u9x97hbynstr5UhohymthAI2,79.05696243488342,15
cMYn4UT2bQctv87cFIfVHV1nwG12,78.18324309033167,2
xhrI9Vt2CGQnpcHvv8qz8wxBdqP2,76.8197556527856,4
rpwxLcbVXscwHqsQGCHWrb444vE2,71.7652355525338,4
6dqnbHEZPEcr3Xa9k5YxbRCZJTz2,70.19636677754465,5
Gbx1dOADaiM8oWsi6ejLdUmOe993,68.72152361452117,1
1YoJK1EoJ2bkOX8gpMfbSTUtGWa2,68.56794746224911,3
ef5jbbkzPJfvrV9RvFcjaoHfhJ02,67.76657764308882,6
8mDW8SctP0TasmqaAzEaANsuMzU2,67.20420727006615,6
3l0iuBKkDVeb6N0zVJ66GDjjvSX2,67.17400479545904,2
HXPQicBZfzS75APhj5w9O84KB9z2,67.11339351670563,16
QJTc7jTZM6V0p8e2KfnySNhSIP42,66.79439562542007,1
eiRUqck5lCTs0cP0HYirp6jqckq1,65.1641754125892,22
AAqX8OkXdRRmiAIuxJHlPoSVkDt2,64.76004680263213,143
Ogys5Kg8LkaukAmMbY4l5bndhPi2,63.135657575021696,2
v5Z9TLRrN7QALiKu8swwH5px7ci1,61.28921482565198,1
SFYxz6qQi9V7WCWE5CocjIADEVk1,59.72753977419438,5
IzvIimHGFLT3fjtL17ppW1ePepI3,57.38812849407282,3
eDk3GDrBAcXICI4awyjnCFVnHxR2,56.88824200630006,106
3X3Dl2Vo1yQcVts36im7RJWrio82,55.29040955486113,36
JJS48BCR3HWYsU0MO98MPYvnZfL2,55.28662011637266,21
vD5Tpoba2matbKWB3xlLxLU5nzE2,55.13282498002957,58
Lt6Nnq5UE3XQO5z7mZYFhLHJXAN2,54.91680751657282,1
nw7kpYgaFSPW2hPkFBGEskDOTsS2,54.642388964340945,10
2NFQWYaxNIVL6LnaHuHr8GJ1fxo1,54.49748715024725,23
naGNKGX7UChoKtDyw2PNgr6xbQL2,54.4368991405853,90
0PhFHty5tvN3Q7VQDrCsa9LvZiu1,54.366443766136854,77
XrsNIKHENXd7UPgKdeMN0oe3dMJ2,54.326901238559344,3
N5qukwcDuyfgG8I7QOVjUqCXPSq1,54.1283567435506,2
VKn9ky1Uy0Zqu9IYXfYnoowpCuF3,52.933008776650695,11
QnG54MAEaJWdO5GVrV5FGMcZhdv1,51.98132578066247,2
mfeJfRvoo4aVP7ZhVW1hZbf5V5h2,51.513821541236666,15
zSsW93FRECd34M7LBiTBQrijX5i1,51.45289000553754,5
lCo72Rw3zCZrl2EdFTsBYlTXegI3,50.99693919645168,1
SsgiwPoSNWa49X6eGeOYfT7MIgi1,50.95245593182881,33
KfMGZS42l7aY72zFiHtBex76Z6f1,50.9121395176453,1
wpkiq8QpSMR8B4AmXqwddedd0xY2,50.464113779995046,20
peTEkDpf7db95osfaWnkKHSuWEM2,49.98540231869197,45
CTgjOgOzxfW5qI1UDmT8JBTSLYT2,49.69546136378426,3
OHjEuxlRW2STmI5zxzhUDgbC9MG2,49.2196375856056,83
mTbnivHtSGSYw09V8GqvJCLgjap1,48.61534895911768,96
guxSGcowJdeXZiLXeTlv7c7QOGt1,47.93419588563188,8
Mj4UhLLzXAQqCfbHDqFCHlb7XtN2,47.286283176599454,17
1G38dO9QCQM0FrFnfu5ZSLa08LT2,45.86913782602187,1
AN2hUjxqQUOqtg3dJFVWRDBLGoy2,45.300639759426076,4
q33Q71SQJXM1nsf33eCMd0ycgkM2,44.137955847008925,28
eyELQRf4ptQgsEZoODuyqVXiB7t2,43.11039698949094,27
78lDu0sPMPfEMoePaZiOQ5cqZIF2,42.965769891337914,12
1R2MCsk4oFWI9s7k4g2LuAP62Tt1,42.27144659740179,1
Tr1JG0TMgqMagIXYDWCs8TasZ122,41.23911848874752,9
yoRC8Fon5dN1Djz7vfJwhFZXTL52,40.161091558277974,1
WdusJ3sUxyYaYRtj9L4wFylzbsB2,38.493930043292494,5
kCA6fBZDjJPJZWh3Z9Gc8LtZBC42,38.223252417539925,3
sldHJekBNpZmg7yL4uMyYhVsUYL2,38.018805628164046,1
z3jIgGOKynStuNKC1PqYd3T2Jwe2,37.93154717093444,28
dSslvpM0b6PMWDRzRjAwtYdrf3E2,37.595507639618745,25
ixP5ZDTQKWPRmIT3r0wuPpW8eU42,37.51955375267276,5
C4bYIjBQb6YSAhtVOW2cBZezZVm2,36.940425026883986,4
Nu5r7194AzWUU1UTIMrs0ZRmcQO2,36.800909302580465,32
gLLLnKKabKQCoIVv416ARJenMz73,36.64093274873187,1
dIR7QoeAyudM8rCB4yknt3e8qjv1,36.32088461411854,6
IiZndRjvVeRhT8LleNXjolzSJZg1,35.63195573729698,2
ctIdXbx87nVnQzUKJq6fmU5VnEW2,34.65854193972882,236
hYF0gLBqt5TBRb4XwBTx9YitXki1,32.470879566428266,6
3NcFK7gZ5rf8XQAGfL0FcIW3xfD3,32.233587829548014,8
NgjOT31WsOOSeVAYNrmIyhPi3vG3,31.68661946966313,1
1TCUB70zV0ceJDAAP1ZV2Q9Fb4j1,31.385039995795864,68
RTy7IWlwhOMMe5QM0zMG0I7Esy52,31.370943648632192,17
sJRgteFGjHb7lHw3SiYsMvgxquS2,31.207359304426404,7
RNUv7RCMCmaAkqNO64wYzaa3KT63,30.437309669386877,1
5GtCS0DVmFeINl687uCOlaf48bB2,30.39226563228624,2
6WHTZ6NSGqS9DY8oJCdguCCpJUC3,29.220227079795222,16
1q8quLiBIjVFyeghVCUWX1goROi2,29.1852365359116,1
b0IJRfgEAgfzBmDrwFhZIkWSMJp2,28.45521703018767,1
3gt9fDXx5QTaah1wbHAsGtWGdlF3,28.205128205128204,1
iVrByC8hYpgjJctwCzdufVfbKUy1,28.145570074231387,40
5vu7EXTyEaQQKIAF8pxeJAZHV9m1,24.96480209148467,17
UnS9k3AwOtfsHg4zOzgW7O1GDVh1,23.827078311219566,1
DeWbfcag5BeRnh9e3Om1RsyjVKP2,23.311055466891702,12
dQcwP3egskTAKtnTDMDamL8Wjn63,23.216514859673907,5
X0nk80lFaeP54YT8Ygui0zUHelA2,22.943634934277497,96
Jt6KhZpwXANUXYwSFLQYJKb5mcK2,22.572116346975918,21
Xx2A0P6uSRUyKlxoSjYXa2SrnI72,22.54561402368779,1
PM3oohlMB3PknHxdH8IFA0GITq12,21.95953625297662,10
hpZx2E6PVJPMQQYbVYq3iQnNNJD3,21.826720201145008,2
e9Wl7Xaz9be8wGtCtp9xK9dP1A82,20.278079911416967,31
PqEW8Nt2mbcp0KeiMmBLTLamV1K3,19.70263567905272,3
btL6axrXVqeBu0AIU8fBAq2gBzk2,19.365748770941366,3
Zpe86JkuPnVb8rxu3RTGE8prsWH2,18.8965823254388,15
zzCptt3MiBdiCpYY626Y4NUAasa2,18.878620016533432,18
fhturHsXYcV1dmDlm1AkvWGsel72,18.728693276680985,3
8I6QMdFJjqP28FvbldtAB6QlRXD3,18.231877059174252,6
tiHX0Dpd8GgIx8GERBfC6TlxGjD2,18.16170072406817,39
1nXK6A30rsXlErsQhzS9obE7PqL2,17.06577647771752,12
rdv6zTfV8SSEAfbuBy1DaAzCZZs1,16.61318713060382,1
ELHUFAgjx1cKeIxZoqGClq7eGv12,16.324087449378183,2
MfFVehbBp5ayy9SmpEEelOMLcKp1,16.116963592642563,8
me17wCvKO8MJaT7PaClJiJjZSSo1,16.075748554263896,7
Jhi62efOrnRrmK14eOLBbrLn5Oz1,15.962110730840777,2
hNgvgW9rj2YvVUeLQUIzroE4tB42,15.75063227862006,1
3SWwtNNTX0cWygVapCLCH9JD0xi1,14.935027182218391,26
fxCcnxzemsPTAUsn4cwd5Co6MI42,14.910118704846582,116
4sQsOO731uPIDhOa698HGgLrwbd2,14.29576159941962,10
jcc41RgYxANwjDMjIusjeNJ3hpC3,13.837819630180547,13
UnyX1WmIkWhDH2ITiTZ0O9Kuhgg2,13.648807791107174,13
Yh36HBEuUzOlheYRDXoJkQcXkI62,12.484898358884436,4
2b0aBjOrkAOrnAovsn3c0tMMvbu1,12.469071434598348,10
vyxJ8HDq9mTWD4R29bDQE9PSYPY2,12.439191529046866,3
fegXrnqJC1M0D92RV1OP1dIW0JG3,12.278330672894754,2
PNwbsTges3ddIcGrmuK2T8MsWD72,11.690268577646066,11
YgQGrMs48HZFtGP4Xkf7CFf1wP52,11.232477977624967,1
jbjrhEgyJjXnbzqEWxeWNiXKadj2,10.396354331498884,11
NIcwdvEhcORnjooXyUS83Tk9SzH3,10.348017593862323,1
zfRnQtuPJoXDNoJMb5letTukJF03,10.33242699746097,1
LSdBKwKszIZg40vS46dSGrXB7fl2,9.947240608554239,7
HG5occJlceMjUA11B6o2nKkBS923,9.72135018229801,7
qKGqfTBFQXg8pehcK6Faj9n0Ial2,9.161003432766677,19
tj3PnxvGiNgiIwtTnPS46RU938a2,9.11481913829789,29
WLhOoWMYd6MVtnGljihAiShvE1G3,8.71922863065248,8
2sEVzP9PsFTKXJPlqNMrDCI4a4H2,8.472286820025431,1
UDz3Z4QAyLeQpNnWx8LlxBbButs1,7.769087252550662,1
d8Yg1D5fPwd3GvzDNuuaR5bdaPv1,7.71213660559124,2
qiJthFzW8BMLmtXx8fXvR4bA0sy1,7.619172292944256,21
wmfGIr1EbuMZje8DgTln0ezQWGI3,7.159506806718582,3
MzVtdkyHcdNKdHtSAwsxkLUH8nb2,7.111787602749416,1
PunweSXoTGPzzV1i0hKgD9M6DKk2,6.918411486638547,6
DEBekQr22qbeZNzZnjXv62Cl1Xp2,6.51219512195122,4
DafKmvbODIb1zPGKb2rIlJoRBhO2,6.213334306150728,9
tjDk9roVtbg6SeEThKU1t1UZHO93,6.153846153846152,5
3hBNmnB4Fvbc0euRa0LZKkOmiJ52,5.804924723754084,1
jbgwr2PV6sQ2VWK9RG4ddGogNQp2,5.695604966787414,2
QANYueHMtsMxGkzvJCnzu1rPunF2,5.687277063788542,1
dBMgoows99VjJ1tVWwwMC7fzUT73,5.555555555555557,1
kHqGCIzucwYpw6A8h1K6vZJHBcF3,5.282366454135399,1
qT0sXE4LjPbwYji4I2tgS5DNDsf2,5.122095421883159,1
JsPSOxOwa6ZyU2ffwRAiXY4XN463,5.050084124106888,2
4RhjJXr6vJh2bTmmwjNJuGZXZ7E2,4.9801914801281555,12
xftAebohfgQqnU5mq9igPX3KVuD2,4.805508012895189,15
qtvckR1g0SVgA3uC1pIaXa0I4wJ2,4.694768299820225,1
ukG07TbeEjgipQbywqQRW6q5tbi2,4.638397927393271,1
I2nn9qupa2SW7bviqSjhbXYllP93,4.633352733450465,1
sFs4f40M3LS1J7l87VjLKjUFHKm2,4.260216088573316,5
fvD6oKMQuAVo4ViD5OHarfm8Vo02,4.224105597662884,29
UITJLcJpF8Nr7MjMPZnjgCiW8dU2,3.828544105987021,1
N1LbAiugq1RO35nvszSJmPeRuhC3,3.503179081857297,7
lj1bzK5cHjZybEAR7nuI8uzlDrq1,2.7627254647341033,1
Qt41hNPTunWa13wPUMUsVoqeZsS2,2.4990865987641087,5
3uiHkSUguiXeKMvcgvcc38SaqPj2,2.3693943652308462,1
1NqZrHGgYMSLUThtp7nEWoG556f2,2.2184593276394935,3
ZNc8lzOfhEYSzJnkttqnPcPyDf33,1.97237017992461,6
MlBt7CrVzKh2N97I7nE78WyQROK2,1.89433538767571,1
o2etRL1ZX8Yk9ZSi1e0MObglb8y1,1.8383774979704413,1
6Iu6jXvsAuhXTRaDz0jpryzMJNE2,1.4237742698574039,2
Bzo4aGtHUQO2fKLWUdqEKwc3Pqq2,1.3763364980505326,10
LSiYX2ktoqTf1dNqNXyYXhQhudq1,1.2115209635796873,1
iaHFgzIpxLaa8upgOctL6yCzahW2,0.9075493794955491,1
uxvU54yizNeahcfp2vV8hgT2qPE2,0.7242168754099225,1
sSfwwTEhhxNjYm3sVE4GepqlSUW2,0.6985189197988291,3
HZBUFemsu5fGVgY02JFxtcgIRy23,0.5077487882444984,1
LziIgvOGIHb8YXwNmsvqYfaXrwk2,0.4237016353470153,1
jKgo99eGh0NQI5uSaP6IpMbNNDs1,0.36671922600748985,4
JWt3y96abNbiaddYuUCwYnsPD743,0.15673734732467892,4
DyFUb18vyGcmpudMTRJ2yH9lEzr2,0.0,1
D9YVAiBCa3Sw1qiXveeXNg1nXkp1,0.0,2
Q7MFXmLIkKVRjVkwISTPAnnlWK83,0.0,1
MtzrIh3sLJYknAKf1BN5d8suCSg2,-0.06381037160031156,11
ikpY2BiBZCSOawLZ0K0zsTqgswq2,-0.18727786143830727,2
TjKFsgORNwXzURnBBgvo83vDwzx2,-0.24803359268480563,18
ELfAZ1ZGi4gULJJexUJtxEDsPLx1,-0.4218843294637509,20
pOTdGMxqquVWDjm7RPkdojYTqNN2,-0.4301372006718793,3
gFcSDUZpu0Ve1mE5Slavi80BV0l1,-0.4340952589697622,34
r2so103kYAaEraBEh34GVJr5XPn2,-0.5115064785964023,13
tPPdyVGLZggBzGRgFoSv7DWF9933,-0.5281285683977117,2
986gitMXgkS02rtzwr7Y3X6YZV82,-0.5631555569991633,2
J4llXkzwpqW1UeJtGOCJwzRjaEC2,-0.6037759012879178,44
N1Nnl2IymlWEynW5a4WC3XPz5ri2,-0.6347629411986873,2
wxBCsrj6UGMWjwwUtBgJH7Nir1j2,-0.6536408222676222,2
h2J2ZKK3tZgkpCaLS8TPUQQtbFS2,-0.9361427998340837,2
hZy0UaGoTuZwkioGfs0GbN6XGMI3,-1.0,1
0UmtxvomUmfv8og8y40Ra5EwR2g2,-1.0,1
ajjTYepa9dZKNs29lftEtNwqrVv1,-1.031272372790088,2
YlQfLm43GfgQC1aXrhMsTG2sVWd2,-1.1164176803446217,2
D20AByJFfYQAih25mP6XWE3ziRw2,-1.1328120343767338,2
Eg9yle2t3EYr91Fl4SES5BwgJtu2,-1.162729990544534,2
HlSEfMLfo4PK7ZuNF9cdWVQqHp63,-1.5644937223345323,6
OEBAkUfN6mSAwPXwRNU4G2Crmci1,-1.5751371234387506,2
YVu3xNxEoBXEqY2jWvxy3xQ13bQ2,-1.717318012119481,6
XL0ZYWn7sQPcTJTOJC19ZcNR7la2,-1.736358907282579,70
nItWNMlORqfaHUtggViutbjSyEm1,-2.3103844167940437,5
PZF1ZgLyM2XOdOxRfZ3dMIqJo2h2,-2.7096809669511828,3
u7AwYCKI2sXxQDrulU6Nll9RWoR2,-3.137898537302476,25
V6YfbpSr9ObRjrEzIjA4NwR8HH13,-3.458169127889107,17
qsYtzdI4vpXsSy2QioBsBCtKFjZ2,-3.9489569192162364,5
397FYlAqjadrNYyg8sDnHWVJ5gn2,-4.0,4
goRrwddmfchlyjArVYkdefitEdu2,-4.005146115438642,3
5dK8xnpmdgOXba13EzPCXAILBiX2,-4.16895535265644,3
VGY1f3smndTFKDyR4JNJwzNm5Bu2,-4.214089750499625,9
ymU8umenHXQ3sdFDFF73HAhg6OB2,-4.250956055200959,3
PhXJJhIRe0PSKd9tIDmSqytOj7x2,-4.286580324956645,3
Ub8IkEvnjgbpicim7GPpDo1i5wJ3,-4.906669162474145,4
oIfhqgqkqTfA6WauI3YBNIi83v42,-5.010331803145261,8
82ItWgVJX8SP5xAcl99DlnJA2Bl1,-5.133362240865026,11
BWuLntd5V2VUMEG0PNfXX885s333,-5.449274770045008,8
MvTPEIcZcgYQwALOjy2b8qcRCM32,-5.571193450887598,15
N7ui1a8TJpTEHpHMZnPtAeYp4gB2,-5.7032340938717425,2
QPi7SOqR9wb6DD7RCthZVPI7h0l2,-6.027680031556656,7
VyQGXQcL6VWKsrV4rHxslDMlXhN2,-6.136656180486632,4
0gzd8UZRqDM2a9o1qS9MqAVHOJr1,-6.173210700636446,12
7hMoPCJdLWWMk4uL61azLFS9PYR2,-6.4241538832800416,4
kkl8T4A008aXXMs8m8gK0Txeg813,-6.682514132974781,2
t6itQi7ewhVnXMJCPsoPw488BbP2,-6.796385278809112,2
2dE4hPWX3UPVn7qCtG8XKfa6yaY2,-7.858596996705842,2
tpK7ZGURAkgLNGGQsSIa9x5klvK2,-8.482675803056168,106
iYZPsGCCuMWc6CE1UhNZoNe0Vmu1,-9.307420877507283,4
bRLjkyLE3ISqpmiSXU8TKPrvmHo1,-9.569499157538417,2
BUJhOOofbJbYTEq8rMMyi2oPtFA3,-10.0,1
VClv6tnrZkXyf07VrZ3J4hg9rff1,-10.0,1
A0DNTE6dT9dML8MB2kh4vIQQhdF2,-10.0,1
keL5lJwVBdhi8huuuiAWH8ZNWrf2,-10.0,1
VYGa7ceWA5TE0I8Up2WA3UXsTYE2,-10.0,1
XjrrUkiTIoatR2w7RyhuTOFNOu43,-10.0,1
5bByOkr5IUPcGvhy5A9eN3OaVko2,-10.0,1
etisBmnGDHNbu7lc4em4hM9LGql2,-10.0,1
AXrsMzsKZacHE5Q4iOL2bTLvxR43,-10.0,1
RVMwThrVvlOyDv96oO9RYI3gfYH3,-10.0,1
uuauoH6fqVPrEgWbvlctTVpP7Dz1,-10.0,1
ANywwkg5YmdUBVMNgH0FcEyQXqH3,-10.0,1
zURBroDORnSMlngmfo7OSjEmxZh2,-10.122263266767504,11
MJGH0EvKvCa2xY8wimq2H9HxXeC3,-10.591443756976332,10
PbivmqERR5fvigxVSOW4qQwwNmB2,-10.848487125940437,5
x8SThyrwCnMMKGGI1fj9LK7YGSz1,-11.162727146174348,4
PyH6thEb7pgXBRmThVGOzFZ9jhU2,-11.35125991424809,8
WTP4Ntlv0tW8pXoQ54AokUJvlUw1,-11.975337867990675,5
Kq4jGQUlgyaOzVTpbRaVJD3Qw1g2,-13.993084369240478,35
8fm0rjjidUQOQiTtWQjxPq8Ybp22,-14.076777859728509,10
qSTfHs1kRRVCZuE9rqgDzy8E40y1,-14.36165557148388,2
029WEiz3useuqWR2U42ASMGfnpj1,-14.743098190281671,24
qDKxo2YdqYcWKjGCotQ53LaaEIP2,-15.481169783148651,9
kSrZSE5LriTYrc2KgnYmEoz0EHy1,-15.719374646689062,101
LS6wj7wLn3dPaEwmvcBsXFn0jGM2,-16.129035084653538,11
8ppZwSIPBMbXQrj2ioaM0CbVqir2,-16.676434948655896,5
kf79fCs84TRCJDElvyy9wwEQD9J2,-16.95241450097751,10
7jyUD00G86ghkxftOOZ8EedajRB3,-17.280660228444674,48
HojR61rcc6eVeG0nTYeprHBfS8y1,-17.32782490900553,21
o0U6zisefwfg0f8uySKPerhWJPw2,-17.567818850571257,2
B0Gy014izLT1voVflHVos94rFj03,-18.167068800258335,11
0YQe7lJf08QnV1m90dWWb3v0nlL2,-18.620578537559595,8
YLS0XNHzcqc2Ot6JTCOV7YOyf0f2,-19.62139265397053,46
9dNY1h3x8nXMJU9HLtl2U7RkXPG3,-20.0,2
V77qfFM6aLbbpkEppNctciF5x9r1,-20.309832118195942,2
ranSgpgmghOD8EA7IltIQt44E3w2,-21.626278931306842,4
vGA20n8GljaLkmhZnONQkInEEQz2,-21.87718367075111,6
493EKqO7emRfoRcGywjJHIH1OlF2,-21.99980244927019,6
5D02jPB1dAd8R5f3Jd202xwVC7e2,-23.521388820113998,9
iIT8WNvhVJfy1JnIQL0HzhXZLLx2,-23.715424298054813,7
KwTQXe0AUqN56pG0vEGqoQmjr7T2,-23.885520945531425,6
xsKPOeorXyfRwfBCZOarO62vCJB2,-24.074080366021747,6
i7J93t0wUQRaWST8G8fffRP5UK93,-24.472872572671804,7
Jy2Div3MN6RAHWyMrOb6UxfgCD22,-24.563021020557244,52
BuTIGZnYAEP8zItxvj2MJJr9PBD2,-25.254520271861338,21
J6k3oYsTEbbu001h9CQRKcgMhLn2,-26.142614032574784,196
cvg6KMEf6fgwel6pQv345eCKdh93,-26.14992112302224,50
Phy65jmST9QNSbFZICICfGBb6N12,-26.634990563757242,11
pt1NcWtHPUd2Esf75Hyzly7mg2z1,-26.8754887479364,2
4HTIFPsRkLhFw8JIGoj9khje3op1,-26.936290248693467,29
XLdJqxRURAWzjdvXNhRFsRpfnpv1,-27.27272727272731,2
68AtlOHZiod8c2DBJM15QSofbm73,-28.137460462950756,13
4wxkcbObfgPrzwWe947NvQYdFXq1,-28.411688811202424,24
1Ww2kwXXqvWQqafuVcEHipQdY962,-28.698952607891442,10
KrtehsMm8Xa7wz17B7GnP4wGdUa2,-29.318767036710597,15
qNCnOmCr4wbPDWMEo9LdQSJ5ttg1,-29.34130226298703,5
9O452hjd6WQdzRjUdpWMX9PG8iv2,-30.62950867664256,15
E5x9WcbXkaTxaMaL33L55l2A5Jy2,-33.72067810178601,7
nlBRqzWobKN0a30YPepBvQC7ZoR2,-33.835382816839,135
ug6IYivR1KbGrAXpx67vUYUGmNo2,-33.86196071911445,14
Jze0qH8zGPa5Hc0iHbcqgbX2Kxy2,-34.8051447981246,11
L2WEMHPQjHS6B28IYAIuC8U2AFe2,-35.0,2
CAHikua7JHh179i9LTHhv7FMb3P2,-35.05898648150833,82
JvI20CxZIuavyrgkHgVHtuTnxI72,-35.136621665299344,28
DlgTb0RPFwVA8E2QuwjRE1F28yA3,-35.473748746304025,8
XmQ2Y2UpheZdV0wV8x7wkLsHDe73,-35.74878237686141,11
G3VbJKIXljYsK9WIWudI3JhHPwt2,-36.55270404781061,23
MfSvU0i4v2ZaEvSwWblvIWgQ3Pv1,-38.888888888888886,4
ID93drN2IFbvxKmRtLDBAT5AB732,-39.0831803722931,3
eRIiUYfzTVTgZtZQBOHGG2kau9O2,-39.086503040968864,10
AHF7P5tY2GdqU7UnIJjF90tLoF03,-39.242619220837696,31
J4nfH9Em81hBhMnO8FB0kEBVvZ93,-39.615244277239256,7
GOVHmwMlFNZZ3YEV1xOSrih1L1M2,-40.0,4
fVwTRMYBw7hZIcG9K9s3z3UUtVd2,-40.0,4
QkwHQjVAR3hUn4AHTw9ReMTOrm42,-40.35232438589355,21
XeBk6KV1veV10tAnwJudKt6zHh63,-42.95747601310313,11
tqL2SCoBeLcgW9ksGtRuhzuQLSg1,-43.05149957686558,2
v77Zmxwy6XUwtvj3A6MmGOW97QW2,-43.665321074434814,10
bwcNxisjpRPZGGogR8VtpgPCV3H2,-45.41673353945998,4
jwWj9pEMJYWu7Dwn8yKFJD7ctJl2,-45.51748942388406,72
tzxpc4LOndYh8uRW2XPSOrE0s653,-47.047141026533666,13
bbaKcmtFuvbakipBdXxo4anb4gu1,-47.708647748471094,6
vVWOD6e4urT8BRZ5RiW0O0qQjDn2,-47.834680414432114,2
xZMSEopVncVHoBFgTa542x0TCyD3,-48.26648059176207,8
7vIjT7tma9gLHFOb1lSoa6qUxrM2,-48.29875740363798,35
O0ifNuFlSVWHFcm7R7rqObr7ZhK2,-48.54184513223481,2
rf0PkwYgsoOtJ4T7hMUmoFrKbgn2,-48.6343190223065,3
i8KPyVaPcfZ4cDb725WcmMN6nXI3,-48.79405169809684,7
AkTlgGasoWfbYmAzkgy2aivDXlF3,-48.80586072051665,10
3KVYeKxUYSP3ESVOS56zXKovuyl1,-49.29061865596506,8
BfNB5IBmiBbhlS5NgM6qlpyObW13,-49.345743019066504,2
I5nRCnF4s3Qaz923DYrKg2KPv2I2,-50.0,5
GYyfMBagufWjXJzwj2CKdeLSJer1,-50.0,2
5rZ6kcUnwPT10EIFTlgvmXpVNL93,-50.0,1
TyBmnmF4ECQ4df5QJVqCy9L4O4l1,-50.0,1
XNaSfoQeiIZ0piawHkis42utodk2,-50.0,1
4WrT7V7TXbMyxZmY8IQG02Wi7HO2,-50.0,1
vhYvF4qlnjbpeRdxMfidhn2iIdy2,-50.0,5
RcEzI0wiL0ZpsG3EckI3eEepLzC3,-50.0,1
YYHoXwMf0KZU3mk4an9leqilyZ13,-51.54949589107309,26
JF2RScR6daOBhQ4ZeGKeRcvU5GF3,-51.7050472173255,19
FVI8eW2mvhTgDNsxqb20FwqfZIr1,-52.16828754832238,23
Q453KAZzobSRKekMHyOGAn78sRi1,-54.88605887499375,14
OdziF1qHtdfSX1aZUz2oM0LyTJJ3,-56.07296286538087,14
C8iGFCe2c4OAY1squDuG0QNUV6n2,-56.988487412692166,11
ClsTjRA9cLPYqQdbjoD2uBH40GF2,-58.36865701444046,19
k4HJwO8SYdWCGa2n3GquloOUxOD2,-59.00830559955887,3
Y8AUfVGKBBcQRUdoJbnTqBjfuzb2,-60.0,1
PFQ4mOeVjMYs1QxwGm3KpEfN4bH3,-60.39746401500156,5
j5qzgiHCPEMy1TrQVoyHWaniYzn2,-62.29216772978248,33
yrfPl77rcRVix8VfYMplIiTUeZk1,-62.382522445648874,3
UfHqg4Dhhhh3yC7oLnwQbIbCsFB3,-65.73598313831212,4
J3qA5eALbXdJkr6wvcdmUKsjbN73,-65.83935352295066,8
EIUnFF5gQwS0MJIL1laT7qxDQhv2,-66.09844534012177,28
EGVRNgJArcff4Y3rk59UpkbA3Iq1,-71.12243469291678,2
WhJNDFPzbKMDRKGRdKipE7aGjRZ2,-72.61181047943683,16
vTtmtvnfQMQlmKKZ0vG517cHw0x2,-72.70558310836441,7
PsR4jiOG4SYm1W9RlWzUKkMHqUJ2,-73.14064493754722,10
GdDBWk8fHJMeygyUvG5aU6G9BBL2,-75.05983102434992,20
vXr9kTpIk6VAYdtz3PIggGFInTb2,-75.93244672109904,23
yQ6DTD7y4ZNgwKiPV8NSaEySXpf2,-76.29079517734215,9
d4xjJ6Rv1aezNX360T5bnfN0AJA3,-76.39287225758858,53
LNsxBLjVKUUcUucFql23cxDDeKv2,-76.53588509109954,3
UmxRb0x0eaNzdlwyNMGpY3DzIvZ2,-77.96262198814134,15
ZwK1o0nzlmhXaQIcQ8SkRToGBnf1,-78.6156982470111,100
mcVxZca3x5Z9ZYzLEdFExJNuF8g1,-78.9348066134653,25
wvs1tvuPIKUrK27FBml0x3ipr3e2,-80.11547231718271,77
BgiiJLve5xaGqYZytcJoW2y9QGm1,-80.21603788191362,5
W6SLOLWPQLZihU7eYnoFEqUnATx1,-80.35597158159504,6
vzM60hsG2oRRWqccaa16KsNNlkC3,-80.8487248173692,3
Hc9FEpnKwYhbdM3oFurfhNtbsms2,-81.9199577685904,75
Vc9TAbpYBnbDZOpaWaLf4xmf8w02,-82.17237116723572,20
vDYAnHBaF0XX4Mzqejd3EZne7bc2,-83.11509386627245,20
fir1GDdJsbX2KwF9UfQIzI1hEwx2,-83.12057407206146,12
FQUJL7LACEXZM9RUUmeqPoim6WF3,-85.69652589286346,29
tm4DANebC0WcH3JzStCIar3ztLA3,-85.95773821382716,18
X80vQ4OrlzZUjlFEVl54Qv9niXr2,-88.35998756752562,26
7PbUiWKkyMPpjVPTLlxT8PKNriI3,-88.67109333069675,4
GBhipZpKz4MkQOBSmghtBZJ4pys2,-89.77161572361865,19
3q1SegHWdycsHJnq96d3i47Dpmc2,-90.13274695306097,86
t2EyJDIStKeXob8BM9lscZNzTBQ2,-90.21290529958549,72
7W9qDxhh7ENqr6ggHJZs8EjDjv42,-92.47370392317714,56
dMWQ7OgjjnWpFq9hCifLWDJ1gKs2,-93.19698927090849,8
nNrKUuWLpkZuvQXFdVf6U2RO9WG3,-94.9843197069402,2
GhVpSXmGboe5B8cbRqXI6CZQFA92,-95.08663029317222,273
ClogHbNtnwUODFy6FYx2KLCzQ5w1,-95.7406980384477,66
1vkKA21xVIQFhn5oiTXDae2ObHL2,-96.41675663199999,49
Dy3ZUO00a0UtAvrzBnTfOqc2Y3j2,-96.49741623085947,9
E8vC8iTkIRgyYkatpzKZMvWIvvD2,-96.70530972816957,26
upt3NnKG4MdPpQ22Wel8o9FTjhA2,-97.70426436879745,71
iO4wRHjeWwVIX65otFo7ZAeDLoI3,-98.2737820339537,40
5oPI10DjnPYFtXYfxv6owwIS1uq1,-98.84417956829657,51
OpyqnGcm1leRYknBQDYldlofxfQ2,-99.02967837604047,13
NJ6WLAgBnlawlTGMBZojCHf5dzA3,-99.91527399523488,27
YuZPVM8OtZQxAPuKxtCCQ12r36P2,-100.0,1
Q2yN0t47qRWFN99fdUJwtEWnuQ33,-100.0,1
6CV3O2oTPzgVZQ1WImB2xAGq3jq2,-100.0,1
Qn5LKXixIIdeXnjtqCkCNlfyfSu2,-100.0,1
50hfCJlVfHQ4X1fjToLB5Vp83e02,-100.0,2
j3LlLs8hQ7R0F5YHXNPloldd6Zq2,-100.0,1
LxRDwfD5wASCnXJQEBGzQfFFkFH3,-100.94110294449763,5
nLsPuULoU5MXdaqaAjCy8PLe3J62,-102.99158477969013,10
eRfPs0JjffRAPlbXC0CzoMKbvSW2,-103.59926752567208,26
SYDkg9fFsyX133njpV1TBQiCS193,-104.39428748725572,25
jdUjwkeOhqdQ4HWrxEJLl4F394D2,-104.85530196132686,5
ESlr9ky150gLHR2keFpVxCxFYQP2,-105.23203114797252,3
OF2PJwaFn6celZvtJOMPtBSqNRz1,-106.61598447585766,56
i1Vozuvd9aVtOpO0YD3Qctd5CMn1,-107.07748614049382,45
1lH5QfuqLiM3VVApDq865xhpYL12,-107.90705414929312,4
r1yrYcjsGDTAq9NjaqdggtMX7xI3,-109.34205588105829,14
Gw8ihQCJsFZauqbIec5Rvh2LZfp1,-110.31060379259543,3
c44hrlEAFmhAUy7scR0n0amAQko1,-111.19483237299778,20
k4MFkZK9v5S7DEaYM9AXErFyxR02,-118.812029954005,33
L7IaHmuPIzb2v11mhwIMzxNdyTm2,-119.33649354067165,3
EUeXUYC4QSYs6zslESx9cUAoELu2,-125.0,1
MkcSJAPhqrd1l0uZicyTY2cOaSc2,-130.2646244916108,103
nMbgboWfzwN6eJnc9Zfb0n5YAZf1,-131.5242682756932,12
dhqY5tWgkhgGi9ibO2QmeYR6xjE2,-132.57163051237842,23
fuz8WnOhevWV2TuRv6EkdENEuic2,-133.5789281959478,124
qERKR8flRFV9Tr60CwVF7RDl2j53,-137.02693583664836,8
AsDOg8jttwguFdAMGZXpXhkzw0f2,-138.71947210935332,5
GQ80IXgJAbdbysMCRSExauim5G73,-140.98046024689336,9
o9YjncFSZBVAXR4K7A2JhrZidJy1,-142.3170495583985,17
vAYvIotQMcOWj3TiTBSn6N2IUHT2,-143.12748989426677,13
a4Kb2B4TftVcI6bTLmA9URg0A1G2,-145.0,5
gLSdeZGENRU4ZO2UrqN2sNwnVIb2,-146.32258781665996,6
vjZLzHLyTzNKFuxfoucFvp4UXm12,-146.77356218780255,108
S2kXTKRFEDNFd39is4MfO2LVHxL2,-148.83103185612686,25
934A6taBt9R0bpS0uhM5zdCHhks1,-149.65879283572224,8
n8HSw0jk9GXydjbVq88j0TfJchO2,-149.91008825945346,7
aaSfOu4Lo3dydVRqnTfqxBkowV42,-150.0,2
ZGUrJ4R5Jxb8lgMTZWfKsXZvjet2,-150.0,4
sH6AGLqpdCNwamrTcot5epQGAWF2,-150.05721255234312,30
2f7U5jJgeAe398XneB4j3EVlpcx1,-151.70151668055814,32
NhcoY6RYsFOqGdmTN9jGj7TcGLN2,-158.42410388635653,65
UjIHHA91pKYIFICnSePhxne4VDa2,-159.58926662408805,2
Jbllr26JMXR9yWeljyKGo0rh99v2,-160.15966168301088,84
XL5kq5L0I1OTpd8WQdQHmLPNZF12,-160.75828891655522,64
7K8QGIJsuHTBnT4Ka8m0MZFJIte2,-162.59056968980917,20
TF0KA1Tm7aeOm33eIrB2RvZ8HBX2,-166.53642406928324,4
Dqeo4OJdRwemAoCTsDc8s5yXvVm1,-170.6598992773445,4
EZhfmXLfcNh7En9PafuRvx6f0Sf1,-170.78684896996546,32
xYsjQYTLm7URICV3qylpmWqobNC3,-171.89224872940417,3
adJvKBrO2NdZ0wWwix2VJF9vrto2,-172.97778996684406,2
9pc9rRRc0oSPRcc1qfA8MAFnFOJ3,-173.52726810353192,11
A3IwMzgcoQQjgZqw7qMRQ9WnM2c2,-182.10431378127964,111
g2LWUykjYkPcC4MMbKVyi7KPsyi1,-186.8228773832343,3
P0mxFrNUMwYilU1jJK4BEUUpkn03,-187.0029747871522,10
JyiLUdzuukRVUMC4IWUWShTUVtn1,-187.20692144541977,44
kzJaMFqLjcX6jke2gRFAqsT8BW63,-188.02685450977526,111
IIZGByM0M4XTwKeGphiSxm4mh5H2,-190.918110535096,43
oXIP4fwKRsaOt46YrmEU7CwYG0s2,-193.08363896495416,21
m1d7qdPywlay6jZhhZx0UtnwOJw2,-195.8240851127117,18
v48EBQpqUHUApU6UnJaqS4KQfGL2,-200.0,1
EcvhpfHbxeR2Njj8txLP4B4f4LC2,-201.36146915508033,65
e0FgAhVzZPcgG3EkyvKlbanKXBz1,-201.85606697763478,15
BxZWMHNApfYzR7ptDMvBcDEfvEs2,-204.50062320773281,41
8Al5QoQ1hgRvbsXILJJMskG42tR2,-205.21328393742988,22
IxSo4NoEAgUfoHVK6dcsVZq7bnI3,-206.989583249896,9
y2mHT0BRvhZkrnqBaHdmevPM6c83,-208.2351440905179,47
rlXCbSN9nFUoGzdhjihX7US6pyj2,-208.7777570795716,50
wlcP0yC6LCRJUxcuegPfaT3X57Y2,-210.0,21
G6uASVED2ycr71BAzm4BxwJ4Mzj1,-212.66246003844034,26
5EaNHlNpDsa6XOOF1yDBUDzDJXW2,-212.7371310346432,96
nTmE0KekGZbz8JACF9PHTHafezG3,-214.6913037709537,4
kbmJfjze8oXg92Fx94oQLKO8hHN2,-216.65093427023226,5
i7xVy8Y8ktOqzGcQDhqBRWMj2Qs1,-219.18334119909753,124
AEnjj8xvvcgrX53JWLWm6pZ3dIa2,-219.97378176047113,8
0bizCzS41eYkeWpLEIxYWgNwlYg2,-220.66643467944903,55
l3wY8o8j9qYnr0qMYAPQPShyQVI2,-222.86978455278836,5
a8O9U7X4SyWq9Zc7Ny0wrztKGro2,-223.9742928486919,9
Obrg4Toq5nTbUayviV4XkD2hdfg1,-227.5509780448525,144
v38MS4SVcQQwgjQ3F5OcqtohFcy1,-227.5683998945981,8
QK0HL7YKSnMPgdCkpJu38Nkg8NG2,-229.72723305115483,64
u1jATDD3RVO2zSqg9xvNbMVQ4eJ2,-237.04657180607444,15
dD0nsXlbQrdhgMumbganRA34q793,-242.44635057103199,65
hixlsTWqSMZgMqdL252n8CtSAKG3,-243.84971391480371,17
uzbA2DtbaOZ6CJTOPqQ1USAcpzs2,-245.32959056868094,62
MAgQgonAK1dOIlkwz9fe78daxEf1,-248.31377451546564,15
xGwEZE9zagcCT2jOgB7muV3vz813,-248.87168290048635,21
f8f73nGQIDPIf9LhN4fjG6jrMmr1,-250.0,3
CqgUL0MzV7VYZJNki2Psd80se953,-250.04514983246904,18
FvGF2lXksrVVfalZ3hIQcEnZ38E2,-250.0764271056555,7
owjJIxob41WbTWUY9HcHbIQtK1D2,-250.27949406615448,17
pNiZSNbQkSgu6ligUcSvk0LdFXJ2,-252.13496377257582,38
yx4DThVtLYcwC8XME574SgC7BUP2,-252.65030999989347,83
2iOSPYIYaEeqahjxTPQgC1cH6Hy2,-255.3873571862523,59
aWnaQCFbdghbVpxCrj5ktEYOSEC3,-257.95530319013926,14
Gq59zLAT1VVRpdcNx0ZVXWc2Cwl1,-258.1293121861272,7
DxPf0u7sg2Uxd7TeKtp7ukLB8bA2,-258.54547931014866,32
o55PZWQXn2OleP7XFoWvi4cOhie2,-259.8633536508455,20
e7o4DEIEVfY39ZUhl9TmrR0zZX93,-264.85475561822295,101
PczKLbmg1mMUbAQsiTWTyIvVPv02,-264.9280583530933,9
9geVArM3IyellkVYj9gDn1lVT8D2,-267.5509388980305,109
3wJJwQPgKnY8Ani3zikP4SyKzcm1,-275.5380468734203,6
IKFBHgpuAWct0bjxhJjTFNs8S3V2,-276.7459795926784,6
GSludBOhrWbzlhGYajcXOeDbegy1,-279.6440803102175,58
TJRhTItRWNg4WfFS8Wh75uRtMnH2,-280.0,3
4WzMhZtlGGRzMsSSsUqbF09F9as2,-283.89158743265284,47
JNcnfiM2HpWJs7zyoJONo9klv3B3,-284.2194051436654,212
EW5FNbigyAVXicsM5Dol0vi4NUg1,-288.9973116333716,100
pYRONox9CCfCaQSrJ1WQtbWcYGf2,-289.60277952686306,6
oCWyWyhKFwhTuvvfQ0l0AFXBNKf2,-295.12989017154496,261
lOxJq51uRqOFc5BJsMEHnTWfgTl1,-296.74840584912295,20
XHZvbsOPpUSH4PnoEFjaayDKrjz2,-297.27228031786956,11
suZGxZfo80TxMM2rL8CTfAIJpb82,-299.32758998870963,39
ES7pxdXWK4WTlUuVXCiV74BlQ0z1,-299.8711096110492,86
yu8TEfaKnaQXax05XNvaHFSGvXM2,-300.0,4
0qfbiU39LCVQQaEiIhaticDAymu2,-300.0,1
4cSgWE1t61SbrXHzPAiVH9xZ45C3,-301.0869367062205,14
QrO643pLcDO9XhLNdVRJM5lKq4A2,-303.3526722159353,101
XpzNq5BJfcRZUXeFgv0JSvJMgWo2,-303.4070480456263,11
h8aY64NqUkOptUwttWpSLOpTBp82,-310.37854835906273,11
bO3Gfifg88a5MnW0Nxghq0ji7Qv1,-311.24802864893695,16
SSyeM1DdHshgzYba6Dhd96XURLp1,-314.3882282810591,6
krmKhQ2LZJZFE90vzQwsrnR1BIq2,-321.3968355087211,34
0ZW07e7G4ZVjqUnHqwKLf3xQfPb2,-322.9418086181488,3
4uMwOUTLDgPJEw8C8liDqJj6HBA2,-323.27787198205147,7
TQQmkv6W7CYyJJvfNTpHp3QZxtk1,-324.82314084691257,78
Qhb9O1M4kQPCXUQ2nsOB4edBlqm2,-327.55803637826045,100
DdNsaCxHSCWvVXgzTv2L3H2fi9p2,-329.2702427689167,33
uwaDsUu1oLTdLYsOFUpbLfyyjUC2,-329.9120987379006,2
H0G0rqbAaKUvDgrbxh7Q6rt8n3d2,-339.2716453490982,9
eLtBvbIRbGanUUmQ7o9QV6EH4Im2,-342.7222073867754,85
U3mAUb4UlwUzsMwh7w7QAKfFIsq1,-344.62954287893,20
aWwQ8BFT9qS7MA6IyAAofCuMVmL2,-344.80605368990746,14
6eo3wTXR0VXfsfl2SMb38PSYxHF3,-347.6525703575526,10
o6fDNnhOOhRRHxDFrpA5AUbi4xW2,-348.55458324663823,9
ppsa4phbu5TPUXRixdHSAlZxAyc2,-351.44125898368236,9
DroBNtn5eEd3R7eQp0AUCeCEFGq1,-352.9099605540782,112
fwdVdF96snW4UZya09PupH5PRXo2,-359.42930488965703,38
NH2uD7idK6XgCM46o0GhwZb6A4g2,-364.335140565714,34
kbP338YbAFe1QCQlOIMvMvxLrrR2,-372.59701059871827,43
KgqKN5TW25V61Rf3d5fYsy5Pesj2,-373.5540636640669,9
QzrMSpwyJgTMoCfLPTQk7EcUDNe2,-377.02854066692987,101
0nXD5tXfKMRV8BwiO5wBjc4LvA13,-377.3881908083282,33
nFp5V7R4tdbHRQCHux5S6BeJNhT2,-379.46335351360733,69
LSdqFYEi6ITLSLQvrHHwo7JQJH42,-392.11763323158243,15
KSGZRgQLqfVtdZFCfwAKpvzDRw22,-400.0,2
QNuAYkzYiihpihQBgbFLAKO2pxv2,-401.454756436146,24
dQcoe8BjM6hy1a2OhuzTswNSdFv2,-405.3293430181609,66
VtehdWCjuvUR47sfHbUzTcXnA4j1,-405.3761155906475,62
vbjwQcAydMX3NIwEnlPFZoEtKK13,-408.1375964227277,5
CUiBgydmwzdQSZSBKZ85GISyxXs2,-408.6914899399799,129
PrDRt0pxIwWj8vCd23F84G4Zm2N2,-411.6159841820155,8
Pat0ophTXzQzSh7Jsh2CVTSWVoa2,-417.75200529018866,22
zyGfYsXCPROFAy6mKab3IntUPeW2,-418.67502044761625,9
irNE1fZ8uGbWyXf5Rrp2vaD3D6l2,-423.4882735716568,7
KcD3W86sbqa39Wrj5RC7d6Nc95A3,-431.38616517166804,6
wDWqQs6DpWgTHGh6hEIlr9AZO463,-437.79035535111586,36
Y2DDDHSSZgVb1Fs9sn9qqVwUgpB2,-438.4334557934603,25
mPmdgFVZsvgTLokQ4xyZOKpvSyu2,-439.140994495157,120
xzTXMupFHTfbBJsguMbaxd3mRK63,-440.5309581416807,7
Li0yBoMNuGSBp35dsPhTn9C7Ic43,-443.54631506676037,67
lDTiZ8yCWcenIgkg8NNGl7ewLxX2,-445.0345242697572,6
WCaT8gSyFhV86x7uadABXv32dVf2,-445.53790180695773,5
MajG4chhaWNF6pFqUU83Ov600fy1,-449.3023487324873,57
KMmolIqzFnfoL2T6l60yEtamDNR2,-450.0,4
yRdL87XB0ndCP7anAY2GdoonQbr1,-452.11802267460735,178
BFOzfXXbGoSN6em60mL7mepggZQ2,-454.689769787731,4
x6AJOkXF5pcK5m1qtkiiqjLtydd2,-454.9966838700524,378
M0mb4eSIbDW5d3W8Wk1vhya99Mo2,-456.1435894897196,16
FRhr81anaCWZMO6ZaMER3kPu35D3,-461.85491634806294,128
8cOWrK1ka4ecTtNLoLVLqBWhDhf2,-471.25173966259445,124
QLMyOUqWqHOXhbE1FvjMGQMqdb93,-471.3486309080033,22
cKhAzXMVfeg7d66ImRacNhBXb4l2,-472.2813116306097,8
3GLQ7mzlxIaRP3NQqcAw2pPmF2w2,-472.49579251184696,4
K3TD3BTZpdQSDfEUpG9boSmh1oz2,-476.42841945236626,28
fBtsRVy7jvh58pt9swFGQM0kMFb2,-476.9694147131005,5
NNr2fCQ86GbsDmbV5xhaxev9dM83,-480.6324464203517,4
cIL3wNYvWrdEOdb3DjwhqcAzi3q1,-492.9671070063787,45
YYgVPauvREcfQJnVa4DYRvGi09z1,-493.6525527019487,36
WP7BMup1ZZceveNHttYOyb0m9tp1,-496.9241174453408,9
6ra4AxskQ5hEqqQGVZu9uwfXJ8h2,-497.8502640788487,11
J611N1SvqNaOE8QsoI7bTCF0Db63,-499.02967990029583,4
L5MpMaZbo2SoU9PJpRu2h6nvTfM2,-500.0,2
uTFdLPWrulg9mNXACMcrdv0tOQj1,-500.0,1
Vc6I1sHv0YhP1BX9FA3MTnWUQgN2,-500.90950564850345,4
txeGpa5WMoZc79kEMOuwUlQkA9l2,-500.99999999999994,1
FUWgWXdEOig91HvZb0unfSSALZp1,-503.81126979788246,13
YI0QMbHGOebOE3WwYYn4mzZUEl82,-512.6915452277444,151
USwPULk3mXVlte7Pa7h1f1C7tsM2,-517.6180286376762,92
9r1w32yczfWNJHuhGY5SwJWwQe82,-520.3907678605476,54
EeeES3VW7DQOYVzF748FwjYhpNF2,-520.5609651085679,54
i72sO6a6hrX4uXisSHZaSwluXm83,-531.0052996713785,148
UVZfnZAP4ZadmIefKZp5j9YNmRH3,-531.7321466879448,58
fAiJAZfAKacgEskeVCTmExh0Xns1,-534.1804151648157,7
f9gLQQPs6UNzTkLQLlMgJXoldPG2,-534.3346882649614,87
cPWjAgnjNubFTskGdaEjfcepZmU2,-535.7876330408501,55
1kkxKM6FEoNn0VMafcpW1elczBL2,-536.8704954153277,8
g8Z6NB2fkyPWId1z1btyoCUnOHy2,-537.2141216566399,213
cHc3cE01iGQNooNdJMqFkT6nOrE2,-538.7616690186894,16
rqSa6xTmCTglmPxhxvNKXnGZ4UA3,-544.5387476990555,23
GUXzRSbBaqR1Hp3JCSGRSwG92Mk1,-544.6648867251853,17
94xB1vGsfYWhaeE4jD9esT3Km5A2,-549.8488285458086,26
Z7AvMaK96iTaYHS29IAnsFNavE93,-557.953524622694,19
jTPpTAv3MCTtiVOPM0NPZg85ron1,-558.5375425554074,67
nEIJsPEN5Mf4huvwCeQCRAY2oJJ2,-562.5747031864964,6
TRLuKgICVbMiBWVh0M5BWlSoMzY2,-562.7975264569321,32
nHXWuTg2TYhL72AjN0666rlEBZp2,-563.6465454963961,18
6dXxyhiJZ5bt4P2y8uCXT4jOkga2,-566.9986574693039,101
iihCPKCbk1Nnyv1on5Y6yTy4y8A3,-582.7690331237018,26
4oyTYyEN3wUYix1IW9yClVvIdjH3,-583.8410404099375,8
1SK3VRktYbOQ5SdTi8gqfy2AbL02,-588.6264219698212,19
7Bfv1hpf9pZyN4wcFyPkMxlfWJW2,-591.825384185933,6
ij6OY8QXoETUPF6gVQM77nwGknq2,-593.1034215756431,109
AtxR47oazjgrAEaslqyCb0FCWzc2,-593.6585233081566,4
6OllLom762YTKAE98Ej16jPX49n2,-600.0,2
6eSTRu3tkmPFX3XUtztwrD1Z9Vx1,-600.0,3
0Yk8Kie1cEYXaFMBCqT9XwHsTeq1,-604.0466137851815,37
gc3QQzAO0hOld10qgQU6RJ6QX0c2,-611.2850353301951,15
RtZKSolrrNTTd4lP1ceaNbJXjAe2,-614.7524551099441,16
5CrnjSRlUeXMSj6iAXNMVfu2vEe2,-635.3257994640253,617
dNtAmEaqKWP0KxRVog1h3ryWp9v2,-648.5560645106948,6
tcUUDfrgrCdooHJm3Rs6WPEenB43,-648.7545944730239,26
HZX23bljAtUWfs60J5Kz5c7gQc02,-650.0,3
5GNernhRVmdAUgzrllD8GJyrChl2,-650.7806238624344,16
lgkJCeoVtTb3vghm3BflWCsV2Kq2,-656.9324005832145,34
v6wAJIaz9Ngl3lIsZOodBiMvSy03,-662.4473018904162,101
hiRNWa4zDXdXVQQ7Pen3EkOJd6m1,-665.8564270473753,9
0xhsd1TUQPWlfKD1lcMJYaazQZB2,-672.8923316744169,12
UouzSBmmPmTmjkbi8eDQt5xhrd52,-673.3789856491607,40
FcrPS6wcAmMjSk4uOtM0bYXyZ2A2,-676.3445619397586,30
zlSS1JR15NU3cqU0nzdllKJg7Ae2,-678.183208275828,22
WmhOOoKWXqgBw1cIUJCAgyokzHu1,-680.6183216546283,22
gDaK2k0n9STtrBi2CaYnrB5JnRX2,-680.9108857511985,14
8QB9aE0YALQjBp54rPq5v37gKLe2,-684.2842015954973,5
1qYoIQ8faTdvAHVXy45ArCBY3MD2,-685.9971695660342,63
b6tD6nurYdf8aY6Fw6gLihYgEHd2,-688.123010888304,100
L1607F0PHPhStVQLxwsQXXFJ9JC2,-701.6049682537227,6
YnimtzkXKwdgJCD70iFNMYQOi3O2,-701.8229128435123,63
N82lwhvGG7ZZySbCgokReoWlrNF2,-707.3222295439778,26
kjG4bQcmzeWrX6URj5mbmw0dTOl2,-708.1854137962121,8
8w4sUuP35mPdQH1cNw37i06j2NB3,-719.0691485397947,1068
RfJhE8Iiy1Y4jSC4DpJWL7vT25p1,-722.0206086852313,10
UG8DqYaDGJgBLJZzyr2uOaf01Vp2,-730.3670094194695,2
6cGzHgA5UzRsx2oBEZaxrVFzJlo1,-730.4116629406014,306
Z3IzmRjxTpNS8Bi46vCz37mRm1F2,-732.8947961094188,67
FprkZl2a52MGOQgUHtWaMcskkDw1,-737.5353271035005,38
bzEiV8THiGTdBWTQpDJH4fxnAxl2,-744.3483550229294,15
ZHp55MpDj4NSu6o4mPcryffkQ7N2,-744.380134509529,19
1qOmDQZVylRK6MgYOJjePPgDLd73,-750.4140777714576,12
PMkjQG8Q0LWwo0j0w8zcwv6RwSw1,-754.4697702631945,31
O4gCOKeJL0SK9ZDQ3SjmUfSx9IC2,-755.1964258628968,22
2Bv6UY0fscQIIHXdrAiX4UDBOAC2,-758.6108104333516,9
X1pVVfPISEeYwm2iEbTn7l0abLE2,-764.802982421695,48
3veUu46KlYWEff26XJTWgGZhcs72,-783.4964005138845,38
Q01oubr1IehgT39IGpqU7M5r74g2,-787.4323194509817,49
IRn95cQfPVhfTWOhIFReooHED523,-794.7152571079157,93
DC7cxceVW8PDEEneKgBbzJaXzRF2,-798.6419261144488,23
N47jL21nb2cbjIs0h5B4FrjK1gR2,-807.1729780409116,55
IX1qxDZLkNXjzY0K8nSOe1Ad41u2,-807.3196376809997,14
mLIbbwyvD8dXlXrhMiGPFouutn83,-810.2417200252548,222
v56818oNEyTCMruH0jviNI3NfHA3,-811.8974912308386,16
wUNyhen1N5PRhMQltIR4NeD8RTo1,-811.9416107626556,6
PEb1A2uPTnZOeGrypO1BBVcKinf2,-825.0639131726422,93
Jrswh0t91WVxNTTtrTTnDt1vsJ02,-834.6568221630951,24
THdwbt4MQgZ9Ml8wst6Egg1d7GJ3,-837.3578354900426,17
fkEfTX8rAkYTFJPwfl3JKntcCHJ3,-845.5495250792101,13
wLMCM5cAIEhtzcNEBFsvsVjtBWZ2,-845.756192987644,7
7SH1BKGwxyblRZRuD645O8Rt9mf2,-853.9848411777957,116
WtE67R8JO7XWEoqp3BiXvV3s3xE2,-870.3559303113038,44
JAaGZ0rRdiWhs62NfeTOchnVzO32,-881.3751761452104,3
2gOXiWjybzNQQdBYHSn0kHEQJoi2,-881.9156709553777,45
oJzBmt0zC7fwzqqi4iI5Ih3K9Fw2,-883.3207538260139,10
1rrvia3AblS9G8i5dheTEvioozy2,-896.983779957211,329
d69qjNlrqsXlqnC4E9leAJAddZH3,-906.3606403998948,4
tP0QEmPHPmRa4G145G1oNs3uhdv1,-908.7900799590543,6
W5IDtsVQLJT2f9wQC93PCoqoF0s2,-913.3917516528986,8
6px12a2pZzMwFXTwN89aVbnd2tm1,-916.4038160996955,25
glyA1ISRMvQQsaQMAbIJkVGJhGN2,-917.2556622444686,23
EHiomwkqluPt2psPm5sSr4PE6Ej2,-933.7828075312955,11
UdBYSQEz76bs6DX2O83R59skEaS2,-935.7973052344811,26
PGIiITKftYZZ0t8vRrM4kepkidC3,-937.6170767415515,7
2e2T0DEXCyOMxNk4BRuEqYBLyNf2,-950.5995248971708,22
A9iSuk3VysgZ7ujmL5VY7nFpZod2,-953.848063147261,3
naENIRQvFJQzi4UZOwVItigpcJ52,-954.2845305896311,40
HaOlxjRwo3fwTE2c72YFrAuRqbq2,-961.9661782466991,101
BO59iRoBqEbucfNZjwxxBKacEg72,-963.443679845189,40
0VfYycmSpgOCNh5nrZQdrwxyoK92,-984.2916276209874,291
CkW6L8VE1bNbF501JF7qjKzak8S2,-986.4472493328954,6
yXYZ9UfEpibFZ4HhJI8z8xwF5MR2,-988.1537494856289,11
ETPlju9G75axztpp21qgvbnwCTQ2,-988.4222394003532,7
qI47LqscEVMGZkLPmrS1AZwqZjb2,-988.6131456474625,231
qcq8CW6V0ubx7Qh6AlgOIZlKLmm2,-989.0840751198699,3
GBBbScWPQTOROkcrBEQgYQnUR5k1,-990.6238320418092,167
KdsjE8SmWfUNHMvDvDUO0ptVKmv1,-991.6885348386535,313
zMj4APudMhZA6ZVxpXPBYvZxAWg1,-992.759362846773,744
MAV9orN1JIQVUkiObJbgG52vCwy1,-992.8794839881347,453
wQsFiCIn4DYi7U3cMwd6aY2no5J2,-996.486192694585,82
X8pC2yXWwkUvx7ZCPBRphmfApJ62,-998.7556122253336,303
zfVRnpts7NQCeGJIrAfhXZVPrXt2,-999.0039274905869,6
6PsD1haWV6Ywy5sz0RzEdsg9P993,-999.0209052485756,14
fJaFEMBxxUdeyCW6vXNv7L6IKcq2,-999.0696422219244,46
WXHUPIzLSkfjo6OQltBLMMhJVKm2,-999.13157621505,84
FEgyLlxNcJWqCPh95SNvMn04ff32,-999.2084123645734,13
CCCA0C1WI0P4p5Rp4PHkc9q9F5y2,-999.2438663603234,21
uUZ6h6G3QiNYe7NWBphNv15UcWw1,-999.3472371604058,16
DRJJYtiiEqNp2IJcH3OuxbnaJTp1,-999.3636110227777,20
Sg6WAqVynbhHQVP3PXg4bX3K40F2,-999.3704840461301,51
MrsRgZ5glWNA5abtRKX0MGypEQ43,-999.3883026675235,57
EGXMxNvpKVQ2AnJf7oykKGf2o5l2,-999.4122292268864,78
yGsxTUjDgvV7UeHLFxzPPzyrZWA2,-999.4266864740559,39
PIWTNyj0SkOi9DdIQpji9I7BFtc2,-999.4425172706631,400
Y9j7scSQX8XNM88X81aQqYAuyaq2,-999.454234262437,58
3n7fSv4waeYkKEUjviBh2SB5frk2,-999.5105279767868,35
TRkXCOUnhUhYaMXAcEDuz9CKfCY2,-999.5784215845251,186
gyhSXF9TYQOhPyu3uhbl2ihLrDD3,-999.5851719400791,16
ey0l6Y33YxgWFPVYkPIcM1hY8g42,-999.6016879306081,43
51u9uYzeP6eZRFHjdmEYTlpjX673,-999.6037247304978,129
5raHMZmx98dpg17LknySeLeHo2Y2,-999.6124183665252,184
0wtvlsvHsweWboJ5bJE3ZgiZLgL2,-999.6171969317911,333
B8nMKEBsHsbfF5Rdj9fkgyufYmu1,-999.699400019698,12
dFvRSPqighUutLFI9HpdZNPFKR92,-999.7156306586994,6
oxSLF3AgeVhnFrxXHc5SvKdz85I2,-999.7201056408239,521
NLFEVvp0YAW8AU1lcPtLEhe1gyi1,-999.7281680333451,3
zGXrUw8og8QWideTzzS0ezCBXyj2,-999.7579112042276,244
1qX2GwrFYvbB9XERJc3XfTc8oc02,-999.8051418746527,531
DD25to5ZTPT8bL6OWJySdPJzKBf1,-999.8347982598177,13
vuSLFFGI0CazIfWBIqVpL7xzDNd2,-999.8510616519005,16
bLsaSdUrvrggMd05GiMg8CRfjBy1,-999.9212242557223,317
yIENmSelHgcVBl0Vr1p8HHjHxde2,-999.9291529959683,100
iafGXyS5BNSWyHspOTLpztrd8Rr2,-999.9630178777802,310
lrMn422jWAUsNhSIlRJns6vRUr62,-999.9788552308214,319
KTMMXi2YYISmchvMUzDPm67mH1U2,-999.9792240109938,7
YbI7Gf1Nn2Ulw90fz1W0NfOwlYT2,-999.9999999999998,1
sQXGEk5ICuPI3a3OXkn5ULYywRo1,-999.9999999999999,1
TW9033jHtiPPiqY2paVGbDHblKV2,-1000.0,1
3DJmQ5K39Nb21jVvGbGtXTs1P5H3,-1000.0,100
MBgpawWFVFVgT6zJ1mWeRXrDTJd2,-1000.0,4
BnqnbLGUL6SjSof7nXKe7yqU3dA2,-1000.0,1
TtaANtw4IRXSdNkTBB4mJFrzHZG2,-1000.0,51
ZXKE0zPsVCdhDlTdyHPSsHUCzK03,-1000.0,11
bZv74pUEo4aftuuvS3ytv7HTP0l2,-1000.0,100
iqcUgNZgUPTtTVCCVTVN7g0Cuqv1,-1000.0,1
zsEgFlvKv5OHJQ4YPTdjRkQF3xF3,-1000.0,1
7VsWHbfQnhQqlZj6SyRyCjD8aWo1,-1000.0,2
CYuNsfY2GKTMqKIc2kVKXqKpEjD3,-1000.0,9
BwrUtdHDcUYPi341pIZ9uccAnlS2,-1000.0,3
OhY8nYfTrceOMYPPIFhWvIE5RP33,-1000.0,3
AlCdZ4qA4IOaL85nRMYamgNBSfA2,-1000.0,1
8iMdLmsvBtdYjQNda21Sn6RZOPr2,-1000.0,1
AvkLarcKg2SnZUyyrqmUgXpk4BZ2,-1000.0,8
Rlj2EHsdXfOlf9vQVHfcRwi1fX12,-1000.0,3
vJxyBJkSBbYAEo0qbZieY7nO0Tg2,-1000.0,1
oMhwdooV05UgxQZBElNspKNCGyj1,-1000.0,1
oY3cIn1FwSSKneneaCNYDPq47OD3,-1000.0,1
JJYiwo1vesMa0UEJeRqMEDuhI6p1,-1000.0,4
2bJLl3ddMFW9tgmPhT4H6VrjACk2,-1000.0,1
k5cu35rf8VQEiPzYr9QV3CkGmsJ3,-1000.0,6
XnL9mx4oLHVK2C4uYoy9hhh5D2K3,-1000.0,1
64iJ9StXFegvGwuTZHFSUYk2mCv2,-1000.0000000000001,13
ReX74V4MAYbPx1hudbfWtk8U10f2,-1011.7406663021469,354
QsVPJggwg6VrTjv9kbdKiEKDj592,-1034.0918675062808,61
